code,name,status
1384,ホクリヨウ,continued(low-weight継続)
1420,サンヨーホームズ,continued(low-weight継続)
1429,日本アクア,continued(low-weight継続)
1430,ファーストコーポレーション,continued(low-weight継続)
1433,ベステラ,continued(low-weight継続)
1446,キャンディル,continued(low-weight継続)
1712,ダイセキ環境ソリューション,continued(low-weight継続)
1717,明豊ファシリティワークス,continued(low-weight継続)
1768,ソネック,continued(low-weight継続)
1811,錢高組,continued(low-weight継続)
1814,大末建設,continued(low-weight継続)
1826,佐田建設,continued(low-weight継続)
1827,ナカノフドー建設,continued(low-weight継続)
1847,イチケン,continued(low-weight継続)
1848,富士ピー・エス,continued(low-weight継続)
1866,北野建設,continued(low-weight継続)
1867,植木組,continued(low-weight継続)
1909,日本ドライケミカル,continued(low-weight継続)
1914,日本基礎技術,continued(low-weight継続)
1921,巴コーポレーション,continued(low-weight継続)
1967,ヤマト,continued(low-weight継続)
1972,三晃金属工業,continued(low-weight継続)
2009,鳥越製粉,continued(low-weight継続)
2107,東洋精糖,continued(low-weight継続)
2112,塩水港精糖,continued(low-weight継続)
2139,中広,continued(low-weight継続)
2163,アルトナー,continued(low-weight継続)
2169,ＣＤＳ,continued(low-weight継続)
2180,サニーサイドアップグループ,continued(low-weight継続)
2183,リニカル,continued(low-weight継続)
2196,エスクリ,continued(low-weight継続)
2198,アイ・ケイ・ケイホールディングス,continued(low-weight継続)
2215,第一屋製パン,continued(low-weight継続)
2286,林兼産業,continued(low-weight継続)
2311,エプコ,continued(low-weight継続)
2376,サイネックス,continued(low-weight継続)
2410,キャリアデザインセンター,continued(low-weight継続)
2418,ツカダ・グローバルホールディング,continued(low-weight継続)
2424,ブラス,continued(low-weight継続)
2428,ウェルネット,continued(low-weight継続)
2464,Ａｏｂａ‐ＢＢＴ,continued(low-weight継続)
2485,ティア,continued(low-weight継続)
2487,ＣＤＧ,continued(low-weight継続)
2597,ユニカフェ,continued(low-weight継続)
2599,ジャパンフーズ,continued(low-weight継続)
2612,かどや製油,continued(low-weight継続)
2686,ジーフット,continued(low-weight継続)
2687,シー・ヴイ・エス・ベイエリア,continued(low-weight継続)
2689,オルバヘルスケアホールディングス,continued(low-weight継続)
2722,ＩＫホールディングス,continued(low-weight継続)
2735,ワッツ,continued(low-weight継続)
2764,ひらまつ,continued(low-weight継続)
2796,ファーマライズホールディングス,continued(low-weight継続)
2812,焼津水産化学工業,continued(low-weight継続)
2818,ピエトロ,continued(low-weight継続)
2820,やまみ,continued(low-weight継続)
2883,大冷,continued(low-weight継続)
2904,一正蒲鉾,continued(low-weight継続)
2924,イフジ産業,continued(low-weight継続)
2982,ＡＤワークスグループ,continued(low-weight継続)
3004,神栄,continued(low-weight継続)
3030,ハブ,continued(low-weight継続)
3054,ハイパー,continued(low-weight継続)
3067,東京一番フーズ,continued(low-weight継続)
3073,ＤＤグループ,continued(low-weight継続)
3079,ディーブイエックス,continued(low-weight継続)
3082,きちりホールディングス,continued(low-weight継続)
3135,マーケットエンタープライズ,continued(low-weight継続)
3157,ジオリーブグループ,continued(low-weight継続)
3159,丸善ＣＨＩホールディングス,continued(low-weight継続)
3160,大光,continued(low-weight継続)
3166,ＯＣＨＩホールディングス,continued(low-weight継続)
3168,黒谷,continued(low-weight継続)
3169,ミサワ,continued(low-weight継続)
3172,ティーライフ,continued(low-weight継続)
3173,Ｃｏｍｉｎｉｘ,continued(low-weight継続)
3175,エー・ピーホールディングス,continued(low-weight継続)
3178,チムニー,continued(low-weight継続)
3202,ダイトウボウ,continued(low-weight継続)
3204,トーア紡コーポレーション,continued(low-weight継続)
3205,ダイドーリミテッド,continued(low-weight継続)
3246,コーセーアールイー,continued(low-weight継続)
3271,ＴＨＥグローバル社,continued(low-weight継続)
3275,ハウスコム,continued(low-weight継続)
3277,サンセイランディック,continued(low-weight継続)
3280,エストラスト,continued(low-weight継続)
3294,イーグランド,continued(low-weight継続)
3299,ムゲンエステート,continued(low-weight継続)
3321,ミタチ産業,continued(low-weight継続)
3361,トーエル,continued(low-weight継続)
3392,デリカフーズホールディングス,continued(low-weight継続)
3393,スターティアホールディングス,continued(low-weight継続)
3396,フェリシモ,continued(low-weight継続)
3434,アルファ,continued(low-weight継続)
3446,ジェイテックコーポレーション,continued(low-weight継続)
3447,信和,continued(low-weight継続)
3452,ビーロット,continued(low-weight継続)
3454,ファーストブラザーズ,continued(low-weight継続)
3467,アグレ都市デザイン,continued(low-weight継続)
3484,テンポイノベーション,continued(low-weight継続)
3486,グローバル・リンク・マネジメント,continued(low-weight継続)
3489,フェイスネットワーク,continued(low-weight継続)
3501,住江織物,continued(low-weight継続)
3512,日本フエルト,continued(low-weight継続)
3513,イチカワ,continued(low-weight継続)
3521,エコナックホールディングス,continued(low-weight継続)
3524,日東製網,continued(low-weight継続)
3526,芦森工業,continued(low-weight継続)
3529,アツギ,continued(low-weight継続)
3538,ウイルプラスホールディングス,continued(low-weight継続)
3544,サツドラホールディングス,continued(low-weight継続)
3551,ダイニック,continued(low-weight継続)
3553,共和レザー,continued(low-weight継続)
3559,ピーバンドットコム,continued(low-weight継続)
3571,ソトー,continued(low-weight継続)
3577,東海染工,continued(low-weight継続)
3607,クラウディアホールディングス,continued(low-weight継続)
3611,マツオカコーポレーション,continued(low-weight継続)
3627,テクミラホールディングス,continued(low-weight継続)
3639,ボルテージ,continued(low-weight継続)
3640,電算,continued(low-weight継続)
3648,ＡＧＳ,continued(low-weight継続)
3666,テクノスジャパン,continued(low-weight継続)
3667,ｅｎｉｓｈ,continued(low-weight継続)
3672,オルトプラス,continued(low-weight継続)
3675,クロス・マーケティンググループ,continued(low-weight継続)
3682,エンカレッジ・テクノロジ,continued(low-weight継続)
3683,サイバーリンクス,continued(low-weight継続)
3686,ディー・エル・イー,continued(low-weight継続)
3770,ザッパラス,continued(low-weight継続)
3784,ヴィンクス,continued(low-weight継続)
3826,システムインテグレータ,continued(low-weight継続)
3839,ＯＤＫソリューションズ,continued(low-weight継続)
3852,サイバーコム,continued(low-weight継続)
3864,三菱製紙,continued(low-weight継続)
3877,中越パルプ工業,continued(low-weight継続)
3878,巴川製紙所,continued(low-weight継続)
3896,阿波製紙,continued(low-weight継続)
3909,ショーケース,continued(low-weight継続)
3912,モバイルファクトリー,continued(low-weight継続)
3918,ＰＣＩホールディングス,continued(low-weight継続)
3920,アイビーシー,continued(low-weight継続)
3924,ランドコンピュータ,continued(low-weight継続)
3928,マイネット,continued(low-weight継続)
3934,ベネフィットジャパン,continued(low-weight継続)
3940,ノムラシステムコーポレーション,continued(low-weight継続)
3963,シンクロ・フード,continued(low-weight継続)
3965,キャピタル・アセット・プランニング,continued(low-weight継続)
3968,セグエグループ,continued(low-weight継続)
3969,エイトレッド,continued(low-weight継続)
3981,ビーグリー,continued(low-weight継続)
3985,テモナ,continued(low-weight継続)
3992,ニーズウェル,continued(low-weight継続)
3996,サインポスト,continued(low-weight継続)
4031,片倉コープアグリ,continued(low-weight継続)
4093,東邦アセチレン,continued(low-weight継続)
4098,チタン工業,continued(low-weight継続)
4231,タイガースポリマー,continued(low-weight継続)
4238,ミライアル,continued(low-weight継続)
4245,ダイキアクシス,continued(low-weight継続)
4248,竹本容器,continued(low-weight継続)
4284,ソルクシーズ,continued(low-weight継続)
4295,フェイス,continued(low-weight継続)
4319,ＴＡＣ,continued(low-weight継続)
4320,ＣＥホールディングス,continued(low-weight継続)
4346,ネクシィーズグループ,continued(low-weight継続)
4392,ＦＩＧ,continued(low-weight継続)
4404,ミヨシ油脂,continued(low-weight継続)
4406,新日本理化,continued(low-weight継続)
4430,東海ソフト,continued(low-weight継続)
4439,東名,continued(low-weight継続)
4440,ヴィッツ,continued(low-weight継続)
4441,トビラシステムズ,continued(low-weight継続)
4446,Ｌｉｎｋ－Ｕ,continued(low-weight継続)
4463,日華化学,continued(low-weight継続)
4465,ニイタカ,continued(low-weight継続)
4512,わかもと製薬,continued(low-weight継続)
4531,有機合成薬品工業,continued(low-weight継続)
4539,日本ケミファ,continued(low-weight継続)
4615,神東塗料,continued(low-weight継続)
4619,日本特殊塗料,continued(low-weight継続)
4678,秀英予備校,continued(low-weight継続)
4679,田谷,continued(low-weight継続)
4728,トーセ,continued(low-weight継続)
4762,エックスネット,continued(low-weight継続)
4829,日本エンタープライズ,continued(low-weight継続)
4847,インテリジェント ウェイブ,continued(low-weight継続)
4926,シーボン,continued(low-weight継続)
4929,アジュバンホールディングス,continued(low-weight継続)
4963,星光ＰＭＣ,continued(low-weight継続)
4977,新田ゼラチン,continued(low-weight継続)
5009,富士興産,continued(low-weight継続)
5015,ビーピー・カストロール,continued(low-weight継続)
5018,ＭＯＲＥＳＣＯ,continued(low-weight継続)
5187,クリエートメディック,continued(low-weight継続)
5204,石塚硝子,continued(low-weight継続)
5210,日本山村硝子,continued(low-weight継続)
5261,リソルホールディングス,continued(low-weight継続)
5337,ダントーホールディングス,continued(low-weight継続)
5363,東京窯業,continued(low-weight継続)
5367,ニッカトー,continued(low-weight継続)
5388,クニミネ工業,continued(low-weight継続)
5391,エーアンドエーマテリアル,continued(low-weight継続)
5476,日本高周波鋼業,continued(low-weight継続)
5491,日本金属,continued(low-weight継続)
5535,ミガロホールディングス,continued(low-weight継続)
5603,虹技,continued(low-weight継続)
5612,日本鋳鉄管,continued(low-weight継続)
5658,日亜鋼業,continued(low-weight継続)
5721,エス・サイエンス,continued(low-weight継続)
5819,カナレ電気,continued(low-weight継続)
5852,アーレスティ,continued(low-weight継続)
5915,駒井ハルテック,continued(low-weight継続)
5923,高田機工,continued(low-weight継続)
5936,東洋シヤッター,continued(low-weight継続)
5942,日本フイルコン,continued(low-weight継続)
5951,ダイニチ工業,continued(low-weight継続)
5958,三洋工業,continued(low-weight継続)
5986,モリテック スチール,continued(low-weight継続)
5998,アドバネクス,continued(low-weight継続)
6029,アトラグループ,continued(low-weight継続)
6037,ファーストロジック,continued(low-weight継続)
6044,三機サービス,continued(low-weight継続)
6048,デザインワン・ジャパン,continued(low-weight継続)
6054,リブセンス,continued(low-weight継続)
6059,ウチヤマホールディングス,continued(low-weight継続)
6083,ＥＲＩホールディングス,continued(low-weight継続)
6087,アビスト,continued(low-weight継続)
6093,エスクロー・エージェント・ジャパン,continued(low-weight継続)
6096,レアジョブ,continued(low-weight継続)
6121,ＴＡＫＩＳＡＷＡ,continued(low-weight継続)
6138,ダイジェット工業,continued(low-weight継続)
6165,パンチ工業,continued(low-weight継続)
6171,土木管理総合試験所,continued(low-weight継続)
6185,ＳＭＮ,continued(low-weight継続)
6186,一蔵,continued(low-weight継続)
6189,グローバルキッズＣＯＭＰＡＮＹ,continued(low-weight継続)
6203,豊和工業,continued(low-weight継続)
6208,石川製作所,continued(low-weight継続)
6210,東洋機械金属,continued(low-weight継続)
6217,津田駒工業,continued(low-weight継続)
6218,エンシュウ,continued(low-weight継続)
6236,ＮＣホールディングス,continued(low-weight継続)
6292,カワタ,continued(low-weight継続)
6294,オカダアイヨン,continued(low-weight継続)
6316,丸山製作所,continued(low-weight継続)
6319,シンニッタン,continued(low-weight継続)
6325,タカキタ,continued(low-weight継続)
6335,東京機械製作所,continued(low-weight継続)
6356,日本ギア工業,continued(low-weight継続)
6362,石井鐵工所,continued(low-weight継続)
6373,大同工業,continued(low-weight継続)
6390,加藤製作所,continued(low-weight継続)
6393,油研工業,continued(low-weight継続)
6428,オーイズミ,continued(low-weight継続)
6444,サンデン,continued(low-weight継続)
6489,前澤工業,continued(low-weight継続)
6505,東洋電機製造,continued(low-weight継続)
6513,オリジン,continued(low-weight継続)
6538,キャリアインデックス,continued(low-weight継続)
6540,船場,continued(low-weight継続)
6546,フルテック,continued(low-weight継続)
6547,グリーンズ,continued(low-weight継続)
6551,ツナググループ・ホールディングス,continued(low-weight継続)
6552,ＧａｍｅＷｉｔｈ,continued(low-weight継続)
6555,ＭＳ＆Ｃｏｎｓｕｌｔｉｎｇ,continued(low-weight継続)
6653,正興電機製作所,continued(low-weight継続)
6654,不二電機工業,continued(low-weight継続)
6675,サクサホールディングス,continued(low-weight継続)
6704,岩崎通信機,continued(low-weight継続)
6715,ナカヨ,continued(low-weight継続)
6748,星和電機,continued(low-weight継続)
6771,池上通信機,continued(low-weight継続)
6803,ティアック,continued(low-weight継続)
6848,東亜ディーケーケー,continued(low-weight継続)
6853,共和電業,continued(low-weight継続)
6858,小野測器,continued(low-weight継続)
6901,澤藤電機,continued(low-weight継続)
6904,原田工業,continued(low-weight継続)
6926,岡谷電機産業,continued(low-weight継続)
6927,ヘリオス テクノ ホールディング,continued(low-weight継続)
6928,エノモト,continued(low-weight継続)
6932,遠藤照明,continued(low-weight継続)
6938,双信電機,continued(low-weight継続)
6973,協栄産業,continued(low-weight継続)
6989,北陸電気工業,continued(low-weight継続)
7022,サノヤスホールディングス,continued(low-weight継続)
7030,スプリックス,continued(low-weight継続)
7035,ａｎｄ ｆａｃｔｏｒｙ,continued(low-weight継続)
7037,テノ．ホールディングス,continued(low-weight継続)
7044,ピアラ,continued(low-weight継続)
7059,コプロ・ホールディングス,continued(low-weight継続)
7060,ギークス,continued(low-weight継続)
7122,近畿車輛,continued(low-weight継続)
7127,一家ホールディングス,continued(low-weight継続)
7135,ジャパンクラフトホールディングス,continued(low-weight継続)
7150,島根銀行,continued(low-weight継続)
7161,じもとホールディングス,continued(low-weight継続)
7183,あんしん保証,continued(low-weight継続)
7191,イントラスト,continued(low-weight継続)
7192,日本モーゲージサービス,continued(low-weight継続)
7196,Ｃａｓａ,continued(low-weight継続)
7212,エフテック,continued(low-weight継続)
7213,レシップホールディングス,continued(low-weight継続)
7214,ＧＭＢ,continued(low-weight継続)
7215,ファルテック,continued(low-weight継続)
7247,ミクニ,continued(low-weight継続)
7256,河西工業,continued(low-weight継続)
7266,今仙電機製作所,continued(low-weight継続)
7271,安永,continued(low-weight継続)
7277,ＴＢＫ,continued(low-weight継続)
7284,盟和産業,continued(low-weight継続)
7291,日本プラスト,continued(low-weight継続)
7305,新家工業,continued(low-weight継続)
7347,マーキュリアホールディングス,continued(low-weight継続)
7374,コンフィデンス・インターワークス,continued(low-weight継続)
7416,はるやまホールディングス,continued(low-weight継続)
7417,南陽,continued(low-weight継続)
7427,エコートレーディング,continued(low-weight継続)
7442,中山福,continued(low-weight継続)
7445,ライトオン,continued(low-weight継続)
7455,パリミキホールディングス,continued(low-weight継続)
7481,尾家産業,continued(low-weight継続)
7487,小津産業,continued(low-weight継続)
7494,コナカ,continued(low-weight継続)
7506,ハウス オブ ローゼ,continued(low-weight継続)
7514,ヒマラヤ,continued(low-weight継続)
7524,マルシェ,continued(low-weight継続)
7561,ハークスレイ,continued(low-weight継続)
7601,ポプラ,continued(low-weight継続)
7608,エスケイジャパン,continued(low-weight継続)
7615,ＹＵ－ＷＡ Ｃｒｅａｔｉｏｎ Ｈｏｌｄｉｎｇｓ,continued(low-weight継続)
7619,田中商事,continued(low-weight継続)
7640,トップカルチャー,continued(low-weight継続)
7646,ＰＬＡＮＴ,continued(low-weight継続)
7673,ダイコー通産,continued(low-weight継続)
7709,クボテック,continued(low-weight継続)
7727,オーバル,continued(low-weight継続)
7743,シード,continued(low-weight継続)
7769,リズム,continued(low-weight継続)
7775,大研医器,continued(low-weight継続)
7782,シンシア,continued(low-weight継続)
7795,ＫＹＯＲＩＴＳＵ,continued(low-weight継続)
7811,中本パックス,continued(low-weight継続)
7819,粧美堂,continued(low-weight継続)
7822,永大産業,continued(low-weight継続)
7833,アイフィスジャパン,continued(low-weight継続)
7872,エステールホールディングス,continued(low-weight継続)
7885,タカノ,continued(low-weight継続)
7897,ホクシン,continued(low-weight継続)
7898,ウッドワン,continued(low-weight継続)
7908,きもと,continued(low-weight継続)
7916,光村印刷,continued(low-weight継続)
7918,ヴィア・ホールディングス,continued(low-weight継続)
7940,ウェーブロックホールディングス,continued(low-weight継続)
7971,東リ,continued(low-weight継続)
7999,ＭＵＴＯＨホールディングス,continued(low-weight継続)
8007,高島,continued(low-weight継続)
8013,ナイガイ,continued(low-weight継続)
8025,ツカモトコーポレーション,continued(low-weight継続)
8038,東都水産,continued(low-weight継続)
8041,ＯＵＧホールディングス,continued(low-weight継続)
8077,トルク,continued(low-weight継続)
8089,ナイス,continued(low-weight継続)
8091,ニチモウ,continued(low-weight継続)
8104,クワザワホールディングス,continued(low-weight継続)
8107,キムラタン,continued(low-weight継続)
8118,キング,continued(low-weight継続)
8127,ヤマトインターナショナル,continued(low-weight継続)
8166,タカキュー,continued(low-weight継続)
8181,東天紅,continued(low-weight継続)
8207,テンアライド,continued(low-weight継続)
8230,はせがわ,continued(low-weight継続)
8260,井筒屋,continued(low-weight継続)
8289,Ｏｌｙｍｐｉｃグループ,continued(low-weight継続)
8291,日産東京販売ホールディングス,continued(low-weight継続)
8349,東北銀行,continued(low-weight継続)
8365,富山銀行,continued(low-weight継続)
8383,鳥取銀行,continued(low-weight継続)
8416,高知銀行,continued(low-weight継続)
8518,日本アジア投資,continued(low-weight継続)
8537,大光銀行,continued(low-weight継続)
8542,トマト銀行,continued(low-weight継続)
8562,福島銀行,continued(low-weight継続)
8563,大東銀行,continued(low-weight継続)
8596,九州リースサービス,continued(low-weight継続)
8617,光世証券,continued(low-weight継続)
8732,マネーパートナーズグループ,continued(low-weight継続)
8742,小林洋行,continued(low-weight継続)
8769,アドバンテッジリスクマネジメント,continued(low-weight継続)
8772,アサックス,continued(low-weight継続)
8835,太平洋興発,continued(low-weight継続)
8904,ＡＶＡＮＴＩＡ,continued(low-weight継続)
8908,毎日コムネット,continued(low-weight継続)
8917,ファースト住建,continued(low-weight継続)
8928,穴吹興産,continued(low-weight継続)
8940,インテリックス,continued(low-weight継続)
8944,ランドビジネス,continued(low-weight継続)
8945,サンネクスタグループ,continued(low-weight継続)
9067,丸運,continued(low-weight継続)
9074,日本石油輸送,continued(low-weight継続)
9078,エスライングループ本社,continued(low-weight継続)
9115,明海グループ,continued(low-weight継続)
9130,共栄タンカー,continued(low-weight継続)
9232,パスコ,continued(low-weight継続)
9265,ヤマシタヘルスケアホールディングス,continued(low-weight継続)
9275,ナルミヤ・インターナショナル,continued(low-weight継続)
9306,東陽倉庫,continued(low-weight継続)
9312,ケイヒン,continued(low-weight継続)
9322,川西倉庫,continued(low-weight継続)
9325,ファイズホールディングス,continued(low-weight継続)
9351,東洋埠頭,continued(low-weight継続)
9366,サンリツ,continued(low-weight継続)
9368,キムラユニティー,continued(low-weight継続)
9380,東海運,continued(low-weight継続)
9385,ショーエイコーポレーション,continued(low-weight継続)
9414,日本ＢＳ放送,continued(low-weight継続)
9417,スマートバリュー,continued(low-weight継続)
9419,ワイヤレスゲート,continued(low-weight継続)
9428,クロップス,continued(low-weight継続)
9466,アイドママーケティングコミュニケーション,continued(low-weight継続)
9475,昭文社ホールディングス,continued(low-weight継続)
9479,インプレスホールディングス,continued(low-weight継続)
9633,東京テアトル,continued(low-weight継続)
9675,常磐興産,continued(low-weight継続)
9704,アゴーラ ホスピタリティー グループ,continued(low-weight継続)
9731,白洋舎,continued(low-weight継続)
9760,進学会ホールディングス,continued(low-weight継続)
9763,丸紅建材リース,continued(low-weight継続)
9765,オオバ,continued(low-weight継続)
9768,いであ,continued(low-weight継続)
9854,愛眼,continued(low-weight継続)
9872,北恵,continued(low-weight継続)
9930,北沢産業,continued(low-weight継続)
9972,アルテック,continued(low-weight継続)
9982,タキヒヨー,continued(low-weight継続)
9986,蔵王産業,continued(low-weight継続)
9993,ヤマザワ,continued(low-weight継続)
9994,やまや,continued(low-weight継続)
1514,住石ホールディングス,excluded(2023-10復帰)
2674,ハードオフコーポレーション,excluded(2023-10復帰)
2676,高千穂交易,excluded(2023-10復帰)
3023,ラサ商事,excluded(2023-10復帰)
3093,トレジャー・ファクトリー,excluded(2023-10復帰)
3109,シキボウ,excluded(2023-10復帰)
3221,ヨシックスホールディングス,excluded(2023-10復帰)
3561,力の源ホールディングス,excluded(2023-10復帰)
3741,セック,excluded(2023-10復帰)
4064,日本カーバイド工業,excluded(2023-10復帰)
4323,日本システム技術,excluded(2023-10復帰)
4331,テイクアンドギヴ・ニーズ,excluded(2023-10復帰)
4333,東邦システムサイエンス,excluded(2023-10復帰)
4410,ハリマ化成グループ,excluded(2023-10復帰)
4828,ビジネスエンジニアリング,excluded(2023-10復帰)
4979,ＯＡＴアグリオ,excluded(2023-10復帰)
5121,藤倉コンポジット,excluded(2023-10復帰)
5464,モリ工業,excluded(2023-10復帰)
5698,エンビプロ・ホールディングス,excluded(2023-10復帰)
5985,サンコール,excluded(2023-10復帰)
6167,冨士ダイス,excluded(2023-10復帰)
6298,ワイエイシイホールディングス,excluded(2023-10復帰)
6358,酒井重工業,excluded(2023-10復帰)
6539,ＭＳ－Ｊａｐａｎ,excluded(2023-10復帰)
6730,アクセル,excluded(2023-10復帰)
7014,名村造船所,excluded(2023-10復帰)
7187,ジェイリース,excluded(2023-10復帰)
7408,ジャムコ,excluded(2023-10復帰)
7420,佐鳥電機,excluded(2023-10復帰)
7525,リックス,excluded(2023-10復帰)
7868,広済堂ホールディングス,excluded(2023-10復帰)
8011,三陽商会,excluded(2023-10復帰)
8029,ルックホールディングス,excluded(2023-10復帰)
8158,ソーダニッカ,excluded(2023-10復帰)
8337,千葉興業銀行,excluded(2023-10復帰)
8869,明和地所,excluded(2023-10復帰)
8999,グランディハウス,excluded(2023-10復帰)
9278,ブックオフグループホールディングス,excluded(2023-10復帰)
9369,キユーソー流通システム,excluded(2023-10復帰)
9632,スバル興業,excluded(2023-10復帰)
9644,タナベコンサルティンググループ,excluded(2023-10復帰)
9979,大庄,excluded(2023-10復帰)
9995,グローセル,excluded(2023-10復帰)
